trade_id,entry_time,exit_time,direction,entry_price,sl,tp,exit_price,exit_reason,pnl_points,pnl_usd,pnl_r,balance,session,ob_zone_high,ob_zone_low,ob_confirmed_at,cum_pnl,peak,dd
1,2026-02-26 06:38:00,2026-02-26 07:51:00,short,211.541,211.626,211.24349999999998,211.24349999999998,tp,0.3,1738.24,3.476,101738.24,full_day,211.601,211.541,2026-02-26 04:10:00,1738.24,1738.24,0.0
2,2026-02-26 08:05:00,2026-02-26 09:21:00,short,211.483,211.58,211.14349999999996,211.58,sl,-0.1,-519.18,-1.021,101219.06,full_day,211.555,211.483,2026-02-26 07:00:00,1219.06,1738.24,-519.1800000000001
3,2026-02-26 09:35:00,2026-02-26 09:50:00,long,211.5,211.40099999999998,211.84650000000005,211.40099999999998,sl,-0.1,-516.32,-1.02,100702.74,full_day,211.5,211.426,2026-02-26 09:20:00,702.7399999999999,1738.24,-1035.5
4,2026-02-26 11:31:00,2026-02-26 12:25:00,short,211.04,211.167,210.59549999999996,211.167,sl,-0.13,-511.44,-1.016,100191.29,full_day,211.142,211.04,2026-02-26 10:50:00,191.2999999999999,1738.24,-1546.94
6,2026-02-26 16:31:00,2026-02-26 16:44:00,long,211.392,211.317,211.65449999999996,211.317,sl,-0.08,-514.32,-1.027,99676.98,full_day,211.392,211.342,2026-02-26 16:20:00,-323.02000000000015,1738.24,-2061.26
7,2026-02-26 16:49:00,2026-02-26 16:54:00,long,211.229,211.159,211.4740000000001,211.159,sl,-0.07,-512.62,-1.029,99164.35,full_day,211.229,211.184,2026-02-26 14:50:00,-835.6400000000001,1738.24,-2573.88
5,2026-02-26 16:26:00,2026-02-26 17:14:00,short,211.457,211.582,211.0195,211.0195,tp,0.44,1745.33,3.484,100909.69,full_day,211.557,211.457,2026-02-26 15:35:00,909.6899999999998,1738.24,-828.5500000000002
8,2026-02-27 00:15:00,2026-02-27 01:39:00,long,210.353,210.232,210.77650000000006,210.232,sl,-0.12,-512.89,-1.017,100396.8,full_day,210.353,210.257,2026-02-26 20:25:00,396.79999999999984,1738.24,-1341.44
9,2026-02-27 02:10:00,2026-02-27 02:25:00,short,210.37,210.43,210.16,210.16,tp,0.21,1740.21,3.467,102137.01,full_day,210.405,210.37,2026-02-27 01:45:00,2137.0099999999998,2137.0099999999998,0.0
10,2026-02-27 05:04:00,2026-02-27 09:27:00,short,210.139,210.243,209.77500000000006,210.243,sl,-0.11,-520.51,-1.019,101616.5,full_day,210.218,210.139,2026-02-27 04:40:00,1616.4999999999998,2137.0099999999998,-520.51
11,2026-02-27 09:33:00,2026-02-27 09:45:00,short,210.297,210.395,209.95399999999995,210.395,sl,-0.1,-518.45,-1.02,101098.05,full_day,210.37,210.297,2026-02-27 02:30:00,1098.0499999999997,2137.0099999999998,-1038.96
12,2026-02-27 12:09:00,2026-02-27 12:13:00,long,210.369,210.262,210.74349999999998,210.262,sl,-0.11,-514.94,-1.019,100583.11,full_day,210.369,210.287,2026-02-27 09:55:00,583.1099999999997,2137.0099999999998,-1553.9
13,2026-02-27 15:18:00,2026-02-27 15:25:00,short,210.19,210.232,210.043,210.043,tp,0.14,1736.26,3.452,102319.37,full_day,210.207,210.19,2026-02-27 13:10:00,2319.37,2319.37,0.0
14,2026-02-27 16:31:00,2026-02-27 21:34:00,short,210.099,210.21200000000002,209.7034999999999,210.21200000000002,sl,-0.12,-520.65,-1.018,101798.72,full_day,210.187,210.099,2026-02-27 15:35:00,1798.7199999999998,2319.37,-520.6500000000001
15,2026-03-02 02:42:00,2026-03-02 03:00:00,short,210.008,210.183,209.39550000000008,210.183,sl,-0.18,-514.81,-1.011,101283.91,full_day,210.158,210.008,2026-03-02 02:30:00,1283.9099999999999,2319.37,-1035.46
16,2026-03-02 03:11:00,2026-03-02 04:00:00,short,210.408,210.507,210.0614999999999,210.0614999999999,tp,0.34,1762.24,3.48,103046.14,full_day,210.482,210.408,2026-02-27 23:20:00,3046.1499999999996,3046.1499999999996,0.0
17,2026-03-02 04:05:00,2026-03-02 04:21:00,short,210.169,210.225,209.97300000000007,210.225,sl,-0.06,-533.63,-1.036,102512.51,full_day,210.2,210.169,2026-03-02 04:00:00,2512.5199999999995,3046.1499999999996,-533.6300000000001
18,2026-03-02 06:21:00,2026-03-02 06:54:00,long,210.155,210.088,210.38950000000003,210.38950000000003,tp,0.23,1778.67,3.47,104291.18,full_day,210.155,210.113,2026-03-02 05:55:00,4291.19,4291.19,0.0
19,2026-03-02 07:28:00,2026-03-02 07:36:00,long,210.34,210.297,210.49050000000003,210.49050000000003,tp,0.15,1800.84,3.453,106092.02,full_day,210.34,210.322,2026-03-02 07:25:00,6092.03,6092.03,0.0
20,2026-03-02 08:17:00,2026-03-02 08:23:00,long,210.236,210.143,210.56149999999997,210.143,sl,-0.09,-541.87,-1.022,105550.15,full_day,210.236,210.168,2026-03-02 06:40:00,5550.16,6092.03,-541.8699999999999
21,2026-03-02 10:22:00,2026-03-02 12:00:00,short,209.67,209.969,208.62349999999998,209.969,sl,-0.3,-531.28,-1.007,105018.87,full_day,209.944,209.67,2026-03-02 09:55:00,5018.88,6092.03,-1073.1499999999996
22,2026-03-02 12:24:00,2026-03-02 12:35:00,short,210.105,210.169,209.88099999999991,210.169,sl,-0.07,-541.5,-1.031,104477.37,full_day,210.144,210.105,2026-03-02 08:50:00,4477.38,6092.03,-1614.6499999999996
23,2026-03-02 13:20:00,2026-03-02 13:45:00,short,210.434,210.507,210.17849999999999,210.507,sl,-0.08,-536.7,-1.027,103940.67,full_day,210.482,210.434,2026-03-02 08:10:00,3940.6800000000003,6092.03,-2151.3499999999995
24,2026-03-02 15:59:00,2026-03-02 16:00:00,long,210.813,210.72,211.13849999999996,210.72,sl,-0.09,-530.88,-1.022,103409.79,full_day,210.813,210.745,2026-03-02 15:30:00,3409.8,6092.03,-2682.2299999999996
25,2026-03-02 19:50:00,2026-03-02 19:53:00,short,211.049,211.12800000000001,210.77249999999998,211.12800000000001,sl,-0.08,-530.14,-1.025,102879.65,full_day,211.103,211.049,2026-03-02 19:40:00,2879.6600000000003,6092.03,-3212.3699999999994
26,2026-03-02 20:04:00,2026-03-02 20:41:00,long,211.003,210.91299999999998,211.31799999999998,210.91299999999998,sl,-0.09,-525.83,-1.022,102353.82,full_day,211.003,210.938,2026-03-02 20:00:00,2353.8300000000004,6092.03,-3738.1999999999994
27,2026-03-03 04:04:00,2026-03-03 04:13:00,long,210.871,210.77599999999998,211.2035000000001,210.77599999999998,sl,-0.1,-522.54,-1.021,101831.28,full_day,210.871,210.801,2026-03-03 02:45:00,1831.2900000000004,6092.03,-4260.74
28,2026-03-03 04:41:00,2026-03-03 05:32:00,long,210.787,210.694,211.11250000000007,210.694,sl,-0.1,-520.11,-1.022,101311.17,full_day,210.787,210.719,2026-03-03 04:40:00,1311.1800000000003,6092.03,-4780.849999999999
29,2026-03-03 07:03:00,2026-03-03 07:11:00,short,210.737,210.77700000000002,210.59699999999992,210.59699999999992,tp,0.14,1747.62,3.45,103058.79,full_day,210.752,210.737,2026-03-03 06:45:00,3058.8,6092.03,-3033.2299999999996
30,2026-03-03 11:02:00,2026-03-03 11:08:00,short,209.614,209.711,209.2745,209.711,sl,-0.1,-525.92,-1.021,102532.87,full_day,209.686,209.614,2026-03-03 11:00:00,2532.88,6092.03,-3559.1499999999996
31,2026-03-03 13:22:00,2026-03-03 14:39:00,long,209.563,209.417,210.07399999999996,210.07399999999996,tp,0.51,1787.3,3.486,104320.18,full_day,209.563,209.442,2026-03-03 12:10:00,4320.18,6092.03,-1771.8499999999995
32,2026-03-03 15:29:00,2026-03-03 15:38:00,long,210.006,209.846,210.56599999999997,209.846,sl,-0.16,-528.12,-1.013,103792.06,full_day,210.006,209.871,2026-03-03 15:25:00,3792.0600000000004,6092.03,-2299.9699999999993
33,2026-03-03 16:21:00,2026-03-03 16:44:00,short,210.108,210.205,209.76849999999996,209.76849999999996,tp,0.34,1805.66,3.479,105597.72,full_day,210.18,210.108,2026-03-03 09:05:00,5597.72,6092.03,-494.3099999999995
34,2026-03-03 16:49:00,2026-03-03 16:59:00,long,209.753,209.55599999999998,210.4425,209.55599999999998,sl,-0.2,-533.35,-1.01,105064.37,full_day,209.753,209.581,2026-03-03 14:20:00,5064.37,6092.03,-1027.6599999999999
35,2026-03-03 21:39:00,2026-03-03 21:45:00,short,210.471,210.571,210.12100000000004,210.571,sl,-0.1,-535.83,-1.02,104528.54,full_day,210.546,210.471,2026-03-03 21:35:00,4528.54,6092.03,-1563.4899999999998
36,2026-03-03 23:45:00,2026-03-04 00:05:00,long,210.663,210.588,210.92550000000006,210.588,sl,-0.08,-536.58,-1.027,103991.96,full_day,210.663,210.613,2026-03-03 23:40:00,3991.96,6092.03,-2100.0699999999997
37,2026-03-04 03:04:00,2026-03-04 03:21:00,short,210.164,210.239,209.90149999999994,209.90149999999994,tp,0.26,1805.99,3.473,105797.95,full_day,210.214,210.164,2026-03-04 02:50:00,5797.95,6092.03,-294.0799999999999
39,2026-03-04 03:55:00,2026-03-04 06:17:00,long,209.974,209.763,210.71249999999992,209.763,sl,-0.21,-534.0,-1.009,105263.95,full_day,209.974,209.788,2026-03-04 03:45:00,5263.95,6092.03,-828.0799999999999
40,2026-03-04 07:08:00,2026-03-04 07:11:00,short,209.569,209.667,209.22599999999994,209.667,sl,-0.1,-537.06,-1.02,104726.89,full_day,209.642,209.569,2026-03-04 07:05:00,4726.889999999999,6092.03,-1365.1400000000003
41,2026-03-04 07:41:00,2026-03-04 08:35:00,short,209.871,209.988,209.46150000000006,209.988,sl,-0.12,-532.59,-1.017,104194.3,full_day,209.963,209.871,2026-03-04 06:20:00,4194.299999999999,6092.03,-1897.7300000000005
38,2026-03-04 03:41:00,2026-03-04 09:30:00,short,209.993,210.214,209.21949999999998,210.214,sl,-0.22,-533.78,-1.009,103660.53,full_day,210.189,209.993,2026-03-04 03:25:00,3660.5199999999995,6092.03,-2431.51
43,2026-03-04 12:05:00,2026-03-04 12:46:00,short,210.165,210.34900000000002,209.5209999999999,210.34900000000002,sl,-0.19,-523.94,-1.011,103136.59,full_day,210.324,210.165,2026-03-04 11:40:00,3136.5799999999995,6092.03,-2955.4500000000003
44,2026-03-04 13:51:00,2026-03-04 13:52:00,long,210.21,210.156,210.399,210.156,sl,-0.06,-534.78,-1.037,102601.81,full_day,210.21,210.181,2026-03-04 13:00:00,2601.7999999999993,6092.03,-3490.2300000000005
45,2026-03-04 16:52:00,2026-03-04 16:55:00,long,210.184,210.125,210.39049999999997,210.125,sl,-0.06,-530.4,-1.034,102071.41,full_day,210.184,210.15,2026-03-04 16:20:00,2071.399999999999,6092.03,-4020.6300000000006
42,2026-03-04 10:57:00,2026-03-04 18:23:00,long,209.992,209.785,210.71649999999997,209.785,sl,-0.21,-523.31,-1.01,101548.1,full_day,209.992,209.81,2026-03-04 09:30:00,1548.0899999999992,6092.03,-4543.9400000000005
46,2026-03-04 20:11:00,2026-03-04 20:45:00,short,209.787,209.835,209.619,209.835,sl,-0.05,-528.9,-1.042,101019.2,full_day,209.81,209.787,2026-03-04 19:15:00,1019.1899999999993,6092.03,-5072.84
47,2026-03-05 00:36:00,2026-03-05 00:58:00,long,209.95,209.885,210.17749999999998,209.885,sl,-0.07,-520.64,-1.031,100498.56,full_day,209.95,209.91,2026-03-05 00:35:00,498.5499999999993,6092.03,-5593.4800000000005
48,2026-03-05 04:31:00,2026-03-05 04:39:00,short,209.537,209.666,209.08550000000002,209.666,sl,-0.13,-510.28,-1.016,99988.28,full_day,209.641,209.537,2026-03-05 04:25:00,-11.7300000000007,6092.03,-6103.76
49,2026-03-05 07:14:00,2026-03-05 07:45:00,long,209.422,209.352,209.66699999999997,209.352,sl,-0.07,-514.23,-1.029,99474.05,full_day,209.422,209.377,2026-03-05 07:05:00,-525.9600000000007,6092.03,-6617.990000000001
50,2026-03-05 09:04:00,2026-03-05 09:30:00,short,209.466,209.538,209.214,209.538,sl,-0.07,-511.19,-1.028,98962.87,full_day,209.513,209.466,2026-03-05 07:40:00,-1037.1500000000008,6092.03,-7129.18
51,2026-03-05 10:35:00,2026-03-05 11:06:00,long,209.458,209.363,209.7905,209.7905,tp,0.33,1721.43,3.479,100684.3,full_day,209.458,209.388,2026-03-05 09:35:00,684.2799999999993,6092.03,-5407.75
52,2026-03-05 12:33:00,2026-03-05 12:55:00,short,209.874,209.969,209.54149999999998,209.969,sl,-0.1,-514.02,-1.021,100170.28,full_day,209.944,209.874,2026-03-05 12:25:00,170.2599999999993,6092.03,-5921.77
53,2026-03-05 15:33:00,2026-03-05 16:39:00,long,210.393,210.299,210.72199999999998,210.299,sl,-0.1,-511.51,-1.021,99658.77,full_day,210.393,210.324,2026-03-05 15:15:00,-341.2500000000007,6092.03,-6433.280000000001
54,2026-03-05 18:27:00,2026-03-05 19:55:00,long,209.81,209.67499999999998,210.28250000000008,210.28250000000008,tp,0.47,1736.65,3.485,101395.42,full_day,209.81,209.7,2026-03-05 13:05:00,1395.3999999999994,6092.03,-4696.63
55,2026-03-05 23:45:00,2026-03-06 00:05:00,short,210.425,210.487,210.20800000000008,210.20800000000008,tp,0.21,1758.07,3.468,103153.49,full_day,210.462,210.425,2026-03-05 23:30:00,3153.4699999999993,6092.03,-2938.5600000000004
56,2026-03-06 00:10:00,2026-03-06 00:11:00,long,210.171,210.10399999999998,210.40550000000002,210.10399999999998,sl,-0.07,-531.16,-1.03,102622.32,full_day,210.171,210.129,2026-03-05 20:40:00,2622.3099999999995,6092.03,-3469.7200000000003
57,2026-03-06 08:49:00,2026-03-06 09:18:00,long,210.855,210.707,211.373,210.707,sl,-0.15,-520.05,-1.014,102102.28,full_day,210.855,210.732,2026-03-06 08:45:00,2102.2599999999993,6092.03,-3989.7700000000004
58,2026-03-06 09:43:00,2026-03-06 10:01:00,long,210.627,210.566,210.84050000000002,210.566,sl,-0.06,-527.25,-1.033,101575.03,full_day,210.627,210.591,2026-03-06 06:45:00,1575.0099999999993,6092.03,-4517.02
59,2026-03-06 11:11:00,2026-03-06 11:26:00,long,210.581,210.515,210.812,210.515,sl,-0.07,-523.27,-1.03,101051.76,full_day,210.581,210.54,2026-03-06 10:45:00,1051.7399999999993,6092.03,-5040.290000000001
60,2026-03-06 16:01:00,2026-03-06 16:28:00,long,210.555,210.498,210.75450000000006,210.75450000000006,tp,0.2,1750.68,3.465,102802.44,full_day,210.555,210.523,2026-03-06 15:25:00,2802.419999999999,6092.03,-3289.6100000000006
61,2026-03-06 16:38:00,2026-03-06 16:46:00,long,210.633,210.492,211.12650000000008,210.492,sl,-0.14,-521.3,-1.014,102281.14,full_day,210.633,210.517,2026-03-06 16:30:00,2281.119999999999,6092.03,-3810.9100000000008
62,2026-03-06 17:05:00,2026-03-06 17:13:00,short,210.657,210.809,210.12500000000006,210.809,sl,-0.15,-518.13,-1.013,101763.0,full_day,210.784,210.657,2026-03-06 16:50:00,1762.9899999999989,6092.03,-4329.040000000001
63,2026-03-09 03:51:00,2026-03-09 05:45:00,short,210.92,211.13,210.18499999999995,211.13,sl,-0.21,-513.66,-1.01,101249.34,full_day,211.105,210.92,2026-03-09 02:00:00,1249.329999999999,6092.03,-4842.700000000001
64,2026-03-09 08:24:00,2026-03-09 09:10:00,short,211.208,211.281,210.9525,211.281,sl,-0.08,-520.12,-1.027,100729.22,full_day,211.256,211.208,2026-03-09 08:00:00,729.209999999999,6092.03,-5362.820000000001
65,2026-03-09 11:33:00,2026-03-09 11:34:00,long,211.163,211.054,211.54450000000003,211.054,sl,-0.11,-512.89,-1.018,100216.34,full_day,211.163,211.079,2026-03-09 10:25:00,216.31999999999903,6092.03,-5875.710000000001
66,2026-03-09 16:18:00,2026-03-09 16:25:00,short,211.644,211.776,211.182,211.776,sl,-0.13,-508.67,-1.015,99707.66,full_day,211.751,211.644,2026-03-09 16:15:00,-292.350000000001,6092.03,-6384.380000000001
68,2026-03-09 19:25:00,2026-03-09 21:26:00,short,211.872,212.05700000000002,211.2245,212.05700000000002,sl,-0.19,-503.93,-1.011,99203.74,full_day,212.032,211.872,2026-03-09 18:25:00,-796.280000000001,6092.03,-6888.31
69,2026-03-09 22:28:00,2026-03-09 22:35:00,long,212.036,211.97299999999998,212.25650000000007,211.97299999999998,sl,-0.07,-511.77,-1.032,98691.97,full_day,212.036,211.998,2026-03-09 22:20:00,-1308.050000000001,6092.03,-7400.080000000001
70,2026-03-09 22:55:00,2026-03-09 23:38:00,long,211.868,211.781,212.17249999999996,211.781,sl,-0.09,-504.8,-1.023,98187.17,full_day,211.868,211.806,2026-03-09 20:50:00,-1812.850000000001,6092.03,-7904.880000000001
71,2026-03-10 04:55:00,2026-03-10 06:01:00,short,211.733,211.834,211.3795,211.834,sl,-0.1,-500.66,-1.02,97686.51,full_day,211.809,211.733,2026-03-10 04:45:00,-2313.510000000001,6092.03,-8405.54
72,2026-03-10 06:06:00,2026-03-10 06:17:00,short,211.871,211.913,211.724,211.913,sl,-0.04,-511.69,-1.048,97174.82,full_day,211.888,211.871,2026-03-10 04:10:00,-2825.200000000001,6092.03,-8917.230000000001
73,2026-03-10 07:22:00,2026-03-10 10:10:00,long,211.747,211.67,212.01650000000012,212.01650000000012,tp,0.27,1687.94,3.474,98862.76,full_day,211.747,211.695,2026-03-10 06:15:00,-1137.2600000000011,6092.03,-7229.290000000001
67,2026-03-09 18:36:00,2026-03-10 11:45:00,long,211.635,211.462,212.2405,212.2405,tp,0.6,1739.12,3.488,100601.88,full_day,211.635,211.487,2026-03-09 17:45:00,601.8599999999988,6092.03,-5490.170000000001
74,2026-03-10 13:19:00,2026-03-10 14:04:00,short,212.196,212.293,211.85649999999998,212.293,sl,-0.1,-513.38,-1.021,100088.5,full_day,212.268,212.196,2026-03-10 13:10:00,88.47999999999877,6092.03,-6003.550000000001
75,2026-03-10 18:52:00,2026-03-10 19:02:00,long,212.164,212.04,212.59799999999996,212.04,sl,-0.13,-508.51,-1.016,99579.98,full_day,212.164,212.065,2026-03-10 16:20:00,-420.0300000000012,6092.03,-6512.060000000001
77,2026-03-10 20:06:00,2026-03-11 03:37:00,short,212.189,212.329,211.69899999999996,212.329,sl,-0.14,-505.01,-1.014,99074.97,full_day,212.304,212.189,2026-03-10 18:55:00,-925.0400000000012,6092.03,-7017.070000000001
76,2026-03-10 19:07:00,2026-03-11 03:54:00,long,212.048,211.924,212.48199999999997,212.48199999999997,tp,0.43,1734.62,3.484,100809.59,full_day,212.048,211.949,2026-03-10 11:45:00,809.5799999999987,6092.03,-5282.450000000001
78,2026-03-11 05:41:00,2026-03-11 09:35:00,short,212.798,212.90200000000002,212.43399999999997,212.43399999999997,tp,0.36,1754.47,3.481,102564.06,full_day,212.877,212.798,2026-03-11 05:40:00,2564.049999999999,6092.03,-3527.980000000001
79,2026-03-11 09:28:00,2026-03-11 09:35:00,long,212.494,212.429,212.7215,212.429,sl,-0.07,-519.56,-1.031,102044.51,full_day,212.494,212.454,2026-03-11 04:20:00,2044.4899999999989,6092.03,-4047.540000000001
80,2026-03-11 10:51:00,2026-03-11 11:25:00,short,212.615,212.68,212.38750000000002,212.68,sl,-0.07,-525.92,-1.031,101518.58,full_day,212.655,212.615,2026-03-11 09:40:00,1518.5699999999988,6092.03,-4573.460000000001
81,2026-03-11 14:27:00,2026-03-11 14:42:00,short,212.776,212.86,212.482,212.86,sl,-0.09,-519.68,-1.024,100998.91,full_day,212.835,212.776,2026-03-11 14:20:00,998.8899999999988,6092.03,-5093.140000000001
82,2026-03-11 16:41:00,2026-03-11 17:01:00,short,212.624,212.749,212.1865,212.749,sl,-0.13,-513.07,-1.016,100485.83,full_day,212.724,212.624,2026-03-11 16:40:00,485.8199999999988,6092.03,-5606.210000000001
83,2026-03-11 19:32:00,2026-03-11 19:55:00,short,212.934,213.001,212.69949999999997,213.001,sl,-0.07,-517.43,-1.03,99968.41,full_day,212.976,212.934,2026-03-11 18:50:00,-31.61000000000115,6092.03,-6123.640000000001
84,2026-03-11 19:52:00,2026-03-11 20:24:00,short,212.974,213.092,212.56099999999992,213.092,sl,-0.12,-510.94,-1.017,99457.46,full_day,213.067,212.974,2026-03-11 18:15:00,-542.5500000000011,6092.03,-6634.580000000001
85,2026-03-11 21:19:00,2026-03-11 21:35:00,short,213.094,213.213,212.6775,213.213,sl,-0.12,-505.65,-1.017,98951.82,full_day,213.188,213.094,2026-03-11 20:50:00,-1048.2000000000012,6092.03,-7140.230000000001
86,2026-03-12 00:42:00,2026-03-12 00:57:00,long,213.029,212.966,213.24949999999995,212.966,sl,-0.06,-510.47,-1.032,98441.35,full_day,213.029,212.991,2026-03-11 21:30:00,-1558.6700000000012,6092.03,-7650.700000000001
88,2026-03-12 03:05:00,2026-03-12 03:45:00,short,212.953,213.025,212.701,213.025,sl,-0.07,-505.88,-1.028,97935.47,full_day,213.0,212.953,2026-03-12 02:40:00,-2064.550000000001,6092.03,-8156.580000000001
87,2026-03-12 02:13:00,2026-03-12 04:00:00,short,212.959,213.02700000000002,212.72099999999995,212.72099999999995,tp,0.24,1708.25,3.471,99643.72,full_day,213.002,212.959,2026-03-12 01:55:00,-356.3000000000011,6092.03,-6448.330000000001
89,2026-03-12 07:15:00,2026-03-12 08:37:00,short,212.656,212.70600000000002,212.48099999999997,212.70600000000002,sl,-0.05,-518.15,-1.04,99125.57,full_day,212.681,212.656,2026-03-12 06:20:00,-874.4500000000011,6092.03,-6966.4800000000005
91,2026-03-12 14:55:00,2026-03-12 15:18:00,long,212.57,212.505,212.79749999999999,212.505,sl,-0.07,-510.88,-1.031,98614.69,full_day,212.57,212.53,2026-03-12 14:50:00,-1385.330000000001,6092.03,-7477.360000000001
92,2026-03-12 16:08:00,2026-03-12 16:41:00,short,212.682,212.73600000000002,212.49299999999988,212.73600000000002,sl,-0.06,-511.34,-1.037,98103.36,full_day,212.711,212.682,2026-03-12 10:55:00,-1896.670000000001,6092.03,-7988.700000000001
90,2026-03-12 09:00:00,2026-03-12 18:53:00,short,212.704,212.79,212.40300000000008,212.40300000000008,tp,0.3,1723.17,3.477,99826.53,full_day,212.765,212.704,2026-03-12 05:40:00,-173.5000000000009,6092.03,-6265.530000000001
93,2026-03-12 18:18:00,2026-03-12 19:21:00,short,212.521,212.637,212.11499999999995,212.637,sl,-0.12,-498.97,-1.017,99327.55,full_day,212.612,212.521,2026-03-12 18:15:00,-672.4700000000009,6092.03,-6764.500000000001
95,2026-03-12 23:22:00,2026-03-13 00:05:00,long,212.66,212.607,212.8455,212.607,sl,-0.05,-515.38,-1.038,98812.17,full_day,212.66,212.632,2026-03-12 23:10:00,-1187.8500000000008,6092.03,-7279.880000000001
94,2026-03-12 19:39:00,2026-03-13 00:15:00,long,212.561,212.42,213.05450000000008,212.42,sl,-0.14,-503.68,-1.014,98308.49,full_day,212.561,212.445,2026-03-12 19:30:00,-1691.5300000000009,6092.03,-7783.56
96,2026-03-13 00:07:00,2026-03-13 00:15:00,long,212.517,212.415,212.87400000000002,212.415,sl,-0.1,-503.75,-1.02,97804.74,full_day,212.517,212.44,2026-03-12 20:10:00,-2195.2800000000007,6092.03,-8287.310000000001
98,2026-03-13 01:42:00,2026-03-13 03:00:00,long,212.621,212.53,212.93950000000004,212.53,sl,-0.09,-499.77,-1.022,97304.97,full_day,212.621,212.555,2026-03-13 01:40:00,-2695.0500000000006,6092.03,-8787.08
99,2026-03-13 04:28:00,2026-03-13 08:05:00,long,212.648,212.53799999999998,213.03300000000004,212.53799999999998,sl,-0.11,-495.37,-1.018,96809.6,full_day,212.648,212.563,2026-03-13 04:20:00,-3190.4200000000005,6092.03,-9282.45
97,2026-03-13 00:52:00,2026-03-13 09:32:00,long,212.551,212.331,213.32099999999997,212.331,sl,-0.22,-493.47,-1.009,96316.13,full_day,212.551,212.356,2026-03-13 00:40:00,-3683.8900000000003,6092.03,-9775.92
101,2026-03-13 14:51:00,2026-03-13 14:57:00,long,211.229,211.161,211.46700000000004,211.161,sl,-0.07,-495.74,-1.029,95820.39,full_day,211.229,211.186,2026-03-13 14:35:00,-4179.63,6092.03,-10271.66
102,2026-03-13 17:04:00,2026-03-13 17:15:00,long,211.238,211.162,211.50399999999996,211.162,sl,-0.08,-491.71,-1.026,95328.68,full_day,211.238,211.187,2026-03-13 15:30:00,-4671.34,6092.03,-10763.369999999999
103,2026-03-13 17:34:00,2026-03-13 17:39:00,short,211.351,211.43,211.07449999999997,211.43,sl,-0.08,-488.71,-1.025,94839.97,full_day,211.405,211.351,2026-03-13 17:05:00,-5160.05,6092.03,-11252.08
104,2026-03-13 17:40:00,2026-03-13 17:56:00,short,211.395,211.441,211.23400000000004,211.23400000000004,tp,0.16,1639.08,3.457,96479.05,full_day,211.416,211.395,2026-03-13 16:40:00,-3520.9700000000003,6092.03,-9613.0
105,2026-03-13 18:26:00,2026-03-13 20:15:00,long,211.173,211.102,211.42149999999998,211.42149999999998,tp,0.25,1674.79,3.472,98153.84,full_day,211.173,211.127,2026-03-13 17:40:00,-1846.1800000000003,6092.03,-7938.21
106,2026-03-13 20:55:00,2026-03-13 21:15:00,long,211.383,211.313,211.6280000000001,211.313,sl,-0.07,-504.79,-1.029,97649.05,full_day,211.383,211.338,2026-03-13 20:25:00,-2350.9700000000003,6092.03,-8443.0
107,2026-03-13 22:08:00,2026-03-13 22:16:00,long,211.334,211.281,211.5195,211.281,sl,-0.05,-506.67,-1.038,97142.38,full_day,211.334,211.306,2026-03-13 21:40:00,-2857.6400000000003,6092.03,-8949.67
108,2026-03-13 22:38:00,2026-03-13 23:06:00,long,211.233,211.123,211.61800000000005,211.123,sl,-0.11,-494.54,-1.018,96647.84,full_day,211.233,211.148,2026-03-13 19:15:00,-3352.1800000000003,6092.03,-9444.21
100,2026-03-13 12:16:00,2026-03-16 00:28:00,short,211.489,211.615,211.048,211.048,tp,0.44,1677.89,3.484,98325.73,full_day,211.59,211.489,2026-03-13 12:00:00,-1674.2900000000002,6092.03,-7766.32
109,2026-03-16 01:08:00,2026-03-16 01:35:00,short,211.334,211.383,211.16249999999997,211.16249999999997,tp,0.17,1700.63,3.459,100026.36,full_day,211.358,211.334,2026-03-13 22:30:00,26.339999999999918,6092.03,-6065.69
110,2026-03-16 01:32:00,2026-03-16 02:58:00,short,211.175,211.377,210.46800000000002,211.377,sl,-0.2,-496.5,-1.01,99529.87,full_day,211.352,211.175,2026-03-16 01:30:00,-470.1600000000001,6092.03,-6562.19
111,2026-03-16 08:20:00,2026-03-16 08:30:00,long,211.298,211.206,211.62000000000006,211.206,sl,-0.09,-508.47,-1.022,99021.4,full_day,211.298,211.231,2026-03-16 04:50:00,-978.6300000000001,6092.03,-7070.66
112,2026-03-16 12:30:00,2026-03-16 13:19:00,short,211.109,211.196,210.80450000000005,211.196,sl,-0.09,-506.49,-1.023,98514.91,full_day,211.171,211.109,2026-03-16 12:20:00,-1485.1200000000001,6092.03,-7577.15
113,2026-03-16 12:36:00,2026-03-16 13:30:00,long,211.031,210.94899999999998,211.3180000000001,211.3180000000001,tp,0.29,1720.8,3.476,100235.71,full_day,211.031,210.974,2026-03-16 12:00:00,235.67999999999984,6092.03,-5856.35
114,2026-03-16 16:23:00,2026-03-16 16:38:00,short,211.431,211.495,211.20700000000005,211.495,sl,-0.07,-516.84,-1.031,99718.87,full_day,211.47,211.431,2026-03-16 08:25:00,-281.1600000000002,6092.03,-6373.19
115,2026-03-16 23:43:00,2026-03-16 23:54:00,long,211.943,211.874,212.18450000000007,211.874,sl,-0.07,-513.05,-1.029,99205.82,full_day,211.943,211.899,2026-03-16 22:10:00,-794.2100000000002,6092.03,-6886.24
116,2026-03-17 00:51:00,2026-03-17 00:55:00,long,211.773,211.71699999999998,211.96900000000005,211.71699999999998,sl,-0.06,-513.74,-1.036,98692.08,full_day,211.773,211.742,2026-03-17 00:50:00,-1307.9500000000003,6092.03,-7399.98
117,2026-03-17 05:00:00,2026-03-17 05:10:00,short,212.074,212.108,211.95500000000004,212.108,sl,-0.04,-522.49,-1.059,98169.59,full_day,212.083,212.074,2026-03-16 23:25:00,-1830.4400000000003,6092.03,-7922.47
118,2026-03-17 06:43:00,2026-03-17 06:45:00,long,212.009,211.96,212.1804999999999,211.96,sl,-0.05,-510.88,-1.041,97658.71,full_day,212.009,211.985,2026-03-17 05:00:00,-2341.32,6092.03,-8433.35
120,2026-03-17 07:57:00,2026-03-17 08:01:00,long,211.973,211.924,212.14450000000005,211.924,sl,-0.05,-508.22,-1.041,97150.48,full_day,211.973,211.949,2026-03-17 07:50:00,-2849.54,6092.03,-8941.57
119,2026-03-17 07:02:00,2026-03-17 08:47:00,long,211.938,211.897,212.08149999999998,211.897,sl,-0.04,-512.11,-1.049,96638.37,full_day,211.938,211.922,2026-03-17 04:35:00,-3361.65,6092.03,-9453.68
122,2026-03-17 10:21:00,2026-03-17 11:12:00,long,211.806,211.64499999999998,212.36950000000013,211.64499999999998,sl,-0.16,-489.19,-1.012,96149.18,full_day,211.806,211.67,2026-03-17 10:10:00,-3850.84,6092.03,-9942.869999999999
123,2026-03-17 11:33:00,2026-03-17 11:42:00,short,211.908,211.99,211.62099999999992,211.99,sl,-0.08,-492.47,-1.024,95656.7,full_day,211.965,211.908,2026-03-17 10:55:00,-4343.31,6092.03,-10435.34
121,2026-03-17 09:47:00,2026-03-17 12:31:00,long,211.745,211.618,212.18950000000004,212.18950000000004,tp,0.44,1683.56,3.484,97340.27,full_day,211.745,211.643,2026-03-17 09:30:00,-2659.7500000000005,6092.03,-8751.78
124,2026-03-17 16:37:00,2026-03-17 17:34:00,short,212.054,212.185,211.59550000000002,212.185,sl,-0.13,-494.13,-1.015,96846.14,full_day,212.16,212.054,2026-03-17 16:35:00,-3153.8800000000006,6092.03,-9245.91
125,2026-03-17 18:52:00,2026-03-17 19:02:00,long,212.226,212.138,212.534,212.138,sl,-0.09,-495.24,-1.023,96350.9,full_day,212.226,212.163,2026-03-17 18:50:00,-3649.120000000001,6092.03,-9741.150000000001
126,2026-03-17 19:18:00,2026-03-17 20:46:00,short,212.201,212.279,211.928,212.279,sl,-0.08,-494.11,-1.026,95856.79,full_day,212.254,212.201,2026-03-17 19:10:00,-4143.2300000000005,6092.03,-10235.26
128,2026-03-18 00:10:00,2026-03-18 00:21:00,long,212.245,212.192,212.4305,212.192,sl,-0.05,-497.37,-1.038,95359.42,full_day,212.245,212.217,2026-03-17 21:05:00,-4640.6,6092.03,-10732.630000000001
127,2026-03-17 22:48:00,2026-03-18 00:22:00,short,212.425,212.494,212.18350000000004,212.18350000000004,tp,0.24,1663.6,3.471,97023.02,full_day,212.469,212.425,2026-03-17 22:35:00,-2977.0000000000005,6092.03,-9069.03
129,2026-03-18 01:59:00,2026-03-18 02:30:00,long,212.366,212.266,212.7160000000001,212.266,sl,-0.1,-494.82,-1.02,96528.21,full_day,212.366,212.291,2026-03-18 01:30:00,-3471.8200000000006,6092.03,-9563.85
130,2026-03-18 02:31:00,2026-03-18 03:00:00,long,212.272,212.203,212.51349999999996,212.203,sl,-0.07,-496.63,-1.029,96031.58,full_day,212.272,212.228,2026-03-18 01:05:00,-3968.4500000000007,6092.03,-10060.48
131,2026-03-18 03:40:00,2026-03-18 03:54:00,short,212.395,212.449,212.20600000000002,212.449,sl,-0.06,-497.94,-1.037,95533.63,full_day,212.424,212.395,2026-03-18 02:00:00,-4466.39,6092.03,-10558.42
132,2026-03-18 07:58:00,2026-03-18 08:22:00,long,212.206,212.10899999999998,212.5455,212.10899999999998,sl,-0.1,-487.52,-1.021,95046.12,full_day,212.206,212.134,2026-03-18 06:20:00,-4953.91,6092.03,-11045.939999999999
133,2026-03-18 12:54:00,2026-03-18 13:05:00,short,212.284,212.351,212.04949999999997,212.351,sl,-0.07,-489.42,-1.03,94556.7,full_day,212.326,212.284,2026-03-18 07:45:00,-5443.33,6092.03,-11535.36
134,2026-03-18 16:04:00,2026-03-18 16:30:00,short,212.387,212.467,212.10699999999997,212.467,sl,-0.08,-484.6,-1.025,94072.1,full_day,212.442,212.387,2026-03-18 15:25:00,-5927.93,6092.03,-12019.96
135,2026-03-18 19:46:00,2026-03-18 20:38:00,short,212.536,212.67000000000002,212.06699999999995,212.67000000000002,sl,-0.14,-477.38,-1.015,93594.72,full_day,212.645,212.536,2026-03-18 19:35:00,-6405.31,6092.03,-12497.34
136,2026-03-18 21:24:00,2026-03-18 21:57:00,long,212.441,212.305,212.91699999999997,212.305,sl,-0.14,-474.86,-1.015,93119.86,full_day,212.441,212.33,2026-03-18 19:15:00,-6880.17,6092.03,-12972.2
137,2026-03-18 22:00:00,2026-03-18 22:47:00,long,212.263,212.198,212.4905,212.198,sl,-0.07,-479.93,-1.031,92639.94,full_day,212.263,212.223,2026-03-18 17:45:00,-7360.1,6092.03,-13452.130000000001
138,2026-03-18 22:37:00,2026-03-18 23:19:00,short,212.265,212.345,211.98499999999996,211.98499999999996,tp,0.28,1617.96,3.475,94257.89,full_day,212.32,212.265,2026-03-18 22:25:00,-5742.14,6092.03,-11834.17
139,2026-03-19 04:00:00,2026-03-19 04:02:00,short,212.252,212.338,211.95100000000008,212.338,sl,-0.09,-482.25,-1.023,93775.64,full_day,212.313,212.252,2026-03-18 22:55:00,-6224.39,6092.03,-12316.42
140,2026-03-19 05:48:00,2026-03-19 05:50:00,short,212.177,212.238,211.96349999999995,212.238,sl,-0.06,-484.25,-1.033,93291.39,full_day,212.213,212.177,2026-03-19 05:45:00,-6708.64,6092.03,-12800.67
141,2026-03-19 06:51:00,2026-03-19 07:05:00,long,212.072,211.951,212.49550000000005,211.951,sl,-0.12,-474.17,-1.017,92817.23,full_day,212.072,211.976,2026-03-19 05:25:00,-7182.81,6092.03,-13274.84
142,2026-03-19 12:07:00,2026-03-19 12:21:00,short,211.104,211.281,210.48450000000003,211.281,sl,-0.18,-469.33,-1.011,92347.9,full_day,211.256,211.104,2026-03-19 12:00:00,-7652.14,6092.03,-13744.17
143,2026-03-19 12:56:00,2026-03-19 15:00:00,short,211.507,211.674,210.9225,211.674,sl,-0.17,-467.27,-1.012,91880.63,full_day,211.649,211.507,2026-03-19 11:10:00,-8119.41,6092.03,-14211.439999999999
144,2026-03-19 13:16:00,2026-03-19 15:00:00,short,211.353,211.53300000000002,210.72299999999998,211.53300000000002,sl,-0.18,-466.87,-1.011,91413.76,full_day,211.508,211.353,2026-03-19 13:15:00,-8586.28,6092.03,-14678.310000000001
145,2026-03-19 16:10:00,2026-03-19 16:30:00,long,211.208,211.09199999999998,211.61400000000003,211.09199999999998,sl,-0.12,-464.95,-1.017,90948.81,full_day,211.208,211.117,2026-03-19 12:55:00,-9051.230000000001,6092.03,-15143.260000000002
146,2026-03-19 18:10:00,2026-03-19 18:56:00,short,211.83,211.95600000000002,211.389,211.389,tp,0.44,1584.39,3.484,92533.19,full_day,211.931,211.83,2026-03-19 10:05:00,-7466.840000000001,6092.03,-13558.87
148,2026-03-19 19:07:00,2026-03-19 19:35:00,long,211.391,211.277,211.79000000000002,211.277,sl,-0.12,-470.78,-1.018,92062.41,full_day,211.391,211.302,2026-03-19 18:05:00,-7937.620000000001,6092.03,-14029.650000000001
147,2026-03-19 18:32:00,2026-03-19 22:06:00,short,211.683,211.906,210.90249999999995,211.906,sl,-0.23,-458.82,-1.009,91603.59,full_day,211.881,211.683,2026-03-19 18:30:00,-8396.44,6092.03,-14488.470000000001
150,2026-03-20 02:01:00,2026-03-20 03:21:00,long,211.938,211.86499999999998,212.19350000000003,211.86499999999998,sl,-0.08,-470.57,-1.027,91133.02,full_day,211.938,211.89,2026-03-20 01:45:00,-8867.01,6092.03,-14959.04
149,2026-03-20 01:05:00,2026-03-20 05:05:00,short,211.952,212.168,211.19599999999997,212.168,sl,-0.22,-462.26,-1.009,90670.76,full_day,212.143,211.952,2026-03-19 22:35:00,-9329.27,6092.03,-15421.3
151,2026-03-20 06:13:00,2026-03-20 09:05:00,short,212.271,212.368,211.93149999999997,212.368,sl,-0.1,-462.7,-1.021,90208.06,full_day,212.343,212.271,2026-03-20 06:10:00,-9791.970000000001,6092.03,-15884.0
152,2026-03-20 08:46:00,2026-03-20 09:05:00,short,212.314,212.368,212.125,212.368,sl,-0.06,-470.14,-1.037,89737.92,full_day,212.343,212.314,2026-03-20 08:45:00,-10262.11,6092.03,-16354.14
153,2026-03-20 10:04:00,2026-03-20 10:08:00,short,212.37,212.416,212.20900000000003,212.416,sl,-0.05,-468.2,-1.043,89269.72,full_day,212.391,212.37,2026-03-20 09:40:00,-10730.310000000001,6092.03,-16822.34
154,2026-03-20 13:11:00,2026-03-20 14:17:00,long,212.316,212.24699999999999,212.55750000000006,212.24699999999999,sl,-0.07,-459.29,-1.029,88810.43,full_day,212.316,212.272,2026-03-20 10:20:00,-11189.600000000002,6092.03,-17281.63
155,2026-03-20 15:27:00,2026-03-20 15:56:00,long,212.414,212.296,212.82699999999997,212.296,sl,-0.12,-451.58,-1.017,88358.85,full_day,212.414,212.321,2026-03-20 15:15:00,-11641.180000000002,6092.03,-17733.210000000003
156,2026-03-20 18:55:00,2026-03-20 19:11:00,long,211.789,211.72799999999998,212.0025,212.0025,tp,0.21,1531.79,3.467,89890.65,full_day,211.789,211.753,2026-03-20 18:20:00,-10109.390000000003,6092.03,-16201.420000000002
157,2026-03-20 19:05:00,2026-03-20 19:16:00,short,211.968,212.082,211.56899999999996,212.082,sl,-0.12,-449.55,-1.018,89441.1,full_day,212.057,211.968,2026-03-20 18:55:00,-10558.940000000002,6092.03,-16650.97
158,2026-03-20 20:46:00,2026-03-20 21:07:00,short,212.354,212.457,211.9935000000001,212.457,sl,-0.1,-455.89,-1.019,88985.21,full_day,212.432,212.354,2026-03-20 17:10:00,-11014.830000000002,6092.03,-17106.86
159,2026-03-20 21:27:00,2026-03-20 22:05:00,short,212.564,212.64000000000001,212.29799999999992,212.29799999999992,tp,0.26,1545.53,3.474,90530.75,full_day,212.615,212.564,2026-03-20 15:35:00,-9469.300000000001,6092.03,-15561.330000000002
160,2026-03-20 22:45:00,2026-03-20 22:55:00,short,212.35,212.451,211.9965,212.451,sl,-0.1,-461.62,-1.02,90069.13,full_day,212.426,212.35,2026-03-20 22:40:00,-9930.920000000002,6092.03,-16022.95
161,2026-03-23 03:37:00,2026-03-23 04:01:00,long,212.124,212.017,212.49849999999998,212.49849999999998,tp,0.37,1567.79,3.481,91636.92,full_day,212.124,212.042,2026-03-23 03:30:00,-8363.130000000001,6092.03,-14455.16
162,2026-03-23 07:59:00,2026-03-23 09:04:00,short,212.372,212.436,212.14800000000002,212.14800000000002,tp,0.22,1589.33,3.469,93226.25,full_day,212.411,212.372,2026-03-23 07:35:00,-6773.800000000001,6092.03,-12865.830000000002
163,2026-03-23 11:54:00,2026-03-23 12:24:00,long,212.181,211.972,212.91250000000002,211.972,sl,-0.21,-470.59,-1.01,92755.66,full_day,212.181,211.997,2026-03-23 11:15:00,-7244.390000000001,6092.03,-13336.420000000002
164,2026-03-23 14:09:00,2026-03-23 14:20:00,short,212.41,212.614,211.69599999999997,211.69599999999997,tp,0.71,1618.68,3.49,94374.34,full_day,212.589,212.41,2026-03-23 11:45:00,-5625.710000000001,6092.03,-11717.740000000002
165,2026-03-23 14:21:00,2026-03-23 14:29:00,long,211.724,211.601,212.15449999999996,212.15449999999996,tp,0.43,1643.88,3.484,96018.21,full_day,211.724,211.626,2026-03-23 14:05:00,-3981.830000000001,6092.03,-10073.86
166,2026-03-23 21:54:00,2026-03-23 22:30:00,short,212.692,212.74800000000002,212.49599999999998,212.74800000000002,sl,-0.06,-497.24,-1.036,95520.98,full_day,212.723,212.692,2026-03-23 21:25:00,-4479.070000000001,6092.03,-10571.1
167,2026-03-24 05:12:00,2026-03-24 10:03:00,long,212.392,212.261,212.8505,212.8505,tp,0.46,1664.33,3.485,97185.3,full_day,212.392,212.286,2026-03-24 05:05:00,-2814.7400000000007,6092.03,-8906.77
168,2026-03-24 05:32:00,2026-03-24 10:10:00,long,212.486,212.36599999999999,212.906,212.906,tp,0.42,1663.66,3.483,98848.96,full_day,212.486,212.391,2026-03-24 05:30:00,-1151.0800000000006,6092.03,-7243.110000000001
169,2026-03-24 11:04:00,2026-03-24 11:25:00,long,212.709,212.573,213.185,212.573,sl,-0.14,-501.51,-1.015,98347.45,full_day,212.709,212.598,2026-03-24 10:10:00,-1652.5900000000006,6092.03,-7744.620000000001
170,2026-03-24 11:34:00,2026-03-24 11:50:00,long,212.484,212.43099999999998,212.66950000000008,212.43099999999998,sl,-0.06,-510.29,-1.038,97837.15,full_day,212.484,212.456,2026-03-24 09:00:00,-2162.8800000000006,6092.03,-8254.91
171,2026-03-24 13:12:00,2026-03-24 13:45:00,short,212.655,212.74,212.35749999999996,212.74,sl,-0.09,-500.7,-1.024,97336.46,full_day,212.715,212.655,2026-03-24 11:35:00,-2663.5800000000004,6092.03,-8755.61
172,2026-03-24 21:43:00,2026-03-24 23:19:00,short,212.717,212.826,212.33550000000008,212.826,sl,-0.11,-495.61,-1.018,96840.84,full_day,212.801,212.717,2026-03-24 21:20:00,-3159.1900000000005,6092.03,-9251.220000000001
173,2026-03-24 22:09:00,2026-03-25 00:15:00,long,212.69,212.624,212.921,212.624,sl,-0.07,-501.43,-1.03,96339.41,full_day,212.69,212.649,2026-03-24 21:40:00,-3660.6200000000003,6092.03,-9752.65
175,2026-03-25 01:04:00,2026-03-25 01:46:00,short,212.791,212.898,212.41649999999998,212.898,sl,-0.11,-490.7,-1.019,95848.71,full_day,212.873,212.791,2026-03-25 00:20:00,-4151.320000000001,6092.03,-10243.35
176,2026-03-25 05:06:00,2026-03-25 05:12:00,long,212.834,212.796,212.96700000000004,212.796,sl,-0.04,-504.47,-1.053,95344.25,full_day,212.834,212.821,2026-03-25 02:00:00,-4655.790000000001,6092.03,-10747.82
177,2026-03-25 06:10:00,2026-03-25 08:23:00,long,212.774,212.703,213.02249999999998,212.703,sl,-0.07,-490.15,-1.028,94854.1,full_day,212.774,212.728,2026-03-25 01:20:00,-5145.9400000000005,6092.03,-11237.970000000001
178,2026-03-25 08:38:00,2026-03-25 09:22:00,short,212.764,212.828,212.54000000000002,212.828,sl,-0.07,-489.09,-1.031,94365.0,full_day,212.803,212.764,2026-03-25 08:25:00,-5635.030000000001,6092.03,-11727.060000000001
179,2026-03-25 12:24:00,2026-03-25 14:08:00,long,212.831,212.737,213.15999999999997,213.15999999999997,tp,0.33,1641.35,3.479,96006.35,full_day,212.831,212.762,2026-03-25 10:55:00,-3993.6800000000007,6092.03,-10085.710000000001
180,2026-03-25 16:40:00,2026-03-25 16:50:00,long,212.87,212.80599999999998,213.09400000000008,212.80599999999998,sl,-0.07,-495.03,-1.031,95511.32,full_day,212.87,212.831,2026-03-25 13:20:00,-4488.710000000001,6092.03,-10580.740000000002
174,2026-03-25 00:17:00,2026-03-26 17:17:00,long,212.619,212.451,213.20700000000002,213.20700000000002,tp,0.59,1680.21,3.488,97191.53,full_day,212.619,212.476,2026-03-24 20:30:00,-2808.500000000001,6092.03,-8900.53
181,2026-03-25 19:03:00,2026-03-26 17:17:00,long,212.779,212.656,213.20949999999996,213.20949999999996,tp,0.43,1663.68,3.484,98855.21,full_day,212.779,212.681,2026-03-25 19:00:00,-1144.8200000000008,6092.03,-7236.85
182,2026-03-26 18:32:00,2026-03-26 18:41:00,long,213.104,213.00799999999998,213.4400000000001,213.00799999999998,sl,-0.1,-504.57,-1.021,98350.64,full_day,213.104,213.033,2026-03-26 17:20:00,-1649.3900000000008,6092.03,-7741.42
183,2026-03-26 19:01:00,2026-03-26 23:00:00,short,213.133,213.243,212.74800000000005,212.74800000000005,tp,0.38,1712.2,3.482,100062.83,full_day,213.218,213.133,2026-03-26 18:45:00,62.80999999999926,6092.03,-6029.22
185,2026-03-26 23:11:00,2026-03-27 00:49:00,long,212.805,212.708,213.14450000000005,212.708,sl,-0.1,-510.63,-1.021,99552.2,full_day,212.805,212.733,2026-03-26 16:05:00,-447.82000000000073,6092.03,-6539.85
184,2026-03-26 20:36:00,2026-03-27 05:39:00,short,213.028,213.181,212.49249999999992,212.866,end_of_data,0.16,514.25,1.046,100066.45,full_day,213.156,213.028,2026-03-26 19:20:00,66.42999999999927,6092.03,-6025.6
